{"BPsolar 275": [4.75, 21.4, 17, 4.45, 0.00065, -0.08, 36, 47, 0.63], "BPsolar 3160": [4.8, 44.2, 35.1, 4.55, 0.00065, -0.16, 72, 47, 1.26], "BPsolar 380": [4.8, 22.1, 17.6, 4.55, 0.00065, -0.08, 36, 47, 0.65], "BPsolar 4160": [4.9, 44.2, 35.4, 4.52, 0.00065, -0.16, 72, 47, 1.26], "BPsolar 5170": [5, 44.2, 36, 4.72, 0.00065, -0.16, 72, 47, 1.26], "BPsolar 585": [5, 22.1, 18, 4.72, 0.00065, -0.08, 36, 47, 0.65], "Shell SM110-12": [6.9, 21.7, 17.5, 6.3, 0.0028, -0.076, 36, 45, 0.86856], "Shell SM110-24": [3.45, 43.5, 35, 3.15, 0.0014, -0.152, 72, 45, 0.86856], "Shell SP70": [4.7, 21.4, 16.5, 4.25, 0.002, -0.076, 36, 45, 0.6324], "Shell SP75": [4.8, 21.7, 17, 4.4, 0.002, -0.076, 36, 45, 0.6324], "Shell SP140": [4.7, 42.8, 33, 4.25, 0.002, -0.152, 72, 45, 1.320308], "Shell SP150": [4.8, 43.4, 34, 4.4, 0.002, -0.152, 72, 45, 1.320308], "Shell S70": [4.5, 21.2, 17, 4, 0.002, -0.076, 36, 44, 0.7076], "Shell S75": [4.7, 21.6, 17.6, 4.2, 0.002, -0.076, 36, 44, 0.7076], "Shell S105": [4.5, 31.8, 25.5, 3.9, 0.002, -0.115, 54, 44, 1.037], "Shell S115": [4.7, 32.8, 26.8, 4.2, 0.002, -0.115, 54, 44, 1.037], "Shell ST40": [2.68, 23.3, 16.6, 2.41, 0.00035, -0.1, 16, 47, 0.424104], "UniSolar PVL-64": [4.8, 23.8, 16.5, 3.88, 0.00065, -0.1, 40, 50, 0.65], "UniSolar PVL-128": [4.8, 47.6, 33, 3.88, 0.00065, -0.2, 80, 50, 1.25], "Custom": [null, null, null, null, null, null, null, null, null], "JASolar: JAM60D09-305/BP": [9.87, 40.01, 32.68, 9.34, 0.06, 0.3, 60, 45.0, 1.6660000085830688], "TTN-150-160M36": [8.779999732971191, 22.799999237060547, 18.299999237060547, 8.199999809265137, 0.004389999900013208, -0.07751999795436859, 60, 45.0, 1.4600000381469727], "Sharp ND-F220": [7.960000038146973, 36.79999923706055, 30.200000762939453, 7.289999961853027, 0.009999999776482582, -0.5, 1, 47.5, 1.6399999856948853]}